"Series Description","Overnight AA Nonfinancial Commercial Paper Interest Rate","7-Day AA Nonfinancial Commercial Paper Interest Rate","15-Day AA Nonfinancial Commercial Paper Interest Rate","30-Day AA Nonfinancial Commercial Paper Interest Rate","60-Day AA Nonfinancial Commercial Paper Interest Rate","90-Day AA Nonfinancial Commercial Paper Interest Rate","Overnight A2/P2 Nonfinancial Commercial Paper Interest Rate","7-Day A2/P2 Nonfinancial Commercial Paper Interest Rate","15-Day A2/P2 Nonfinancial Commercial Paper Interest Rate","30-Day A2/P2 Nonfinancial Commercial Paper Interest Rate","60-Day A2/P2 Nonfinancial Commercial Paper Interest Rate","90-Day A2/P2 Nonfinancial Commercial Paper Interest Rate","Overnight AA Financial Commercial Paper Interest Rate","7-Day AA Financial Commercial Paper Interest Rate","15-Day AA Financial Commercial Paper Interest Rate","30-Day AA Financial Commercial Paper Interest Rate","60-Day AA Financial Commercial Paper Interest Rate","90-Day AA Financial Commercial Paper Interest Rate","Overnight AA Asset-backed Commercial Paper Interest Rate","7-Day AA Asset-backed Commercial Paper Interest Rate","15-Day AA Asset-backed Commercial Paper Interest Rate","30-Day AA Asset-backed Commercial Paper Interest Rate","60-Day AA Asset-backed Commercial Paper Interest Rate","90-Day AA Asset-backed Commercial Paper Interest Rate"
"Unit:","Percent","Percent","Percent","Percent","Percent","Percent","Percent","Percent","Percent","Percent","Percent","Percent","Percent","Percent","Percent","Percent","Percent","Percent","Percent","Percent","Percent","Percent","Percent","Percent"
"Multiplier:","1","1","1","1","1","1","1","1","1","1","1","1","1","1","1","1","1","1","1","1","1","1","1","1"
"Currency:","NA","NA","NA","NA","NA","NA","NA","NA","NA","NA","NA","NA","NA","NA","NA","NA","NA","NA","NA","NA","NA","NA","NA","NA"
"Unique Identifier: ","CP/RATES/RIFSPPNAAD01_N.B","CP/RATES/RIFSPPNAAD07_N.B","CP/RATES/RIFSPPNAAD15_N.B","CP/RATES/RIFSPPNAAD30_N.B","CP/RATES/RIFSPPNAAD60_N.B","CP/RATES/RIFSPPNAAD90_N.B","CP/RATES/RIFSPPNA2P2D01_N.B","CP/RATES/RIFSPPNA2P2D07_N.B","CP/RATES/RIFSPPNA2P2D15_N.B","CP/RATES/RIFSPPNA2P2D30_N.B","CP/RATES/RIFSPPNA2P2D60_N.B","CP/RATES/RIFSPPNA2P2D90_N.B","CP/RATES/RIFSPPFAAD01_N.B","CP/RATES/RIFSPPFAAD07_N.B","CP/RATES/RIFSPPFAAD15_N.B","CP/RATES/RIFSPPFAAD30_N.B","CP/RATES/RIFSPPFAAD60_N.B","CP/RATES/RIFSPPFAAD90_N.B","CP/RATES/RIFSPPAAAD01_N.B","CP/RATES/RIFSPPAAAD07_N.B","CP/RATES/RIFSPPAAAD15_N.B","CP/RATES/RIFSPPAAAD30_N.B","CP/RATES/RIFSPPAAAD60_N.B","CP/RATES/RIFSPPAAAD90_N.B"
"Time Period","RIFSPPNAAD01_N.B","RIFSPPNAAD07_N.B","RIFSPPNAAD15_N.B","RIFSPPNAAD30_N.B","RIFSPPNAAD60_N.B","RIFSPPNAAD90_N.B","RIFSPPNA2P2D01_N.B","RIFSPPNA2P2D07_N.B","RIFSPPNA2P2D15_N.B","RIFSPPNA2P2D30_N.B","RIFSPPNA2P2D60_N.B","RIFSPPNA2P2D90_N.B","RIFSPPFAAD01_N.B","RIFSPPFAAD07_N.B","RIFSPPFAAD15_N.B","RIFSPPFAAD30_N.B","RIFSPPFAAD60_N.B","RIFSPPFAAD90_N.B","RIFSPPAAAD01_N.B","RIFSPPAAAD07_N.B","RIFSPPAAAD15_N.B","RIFSPPAAAD30_N.B","RIFSPPAAAD60_N.B","RIFSPPAAAD90_N.B"
2016-09-14,0.36,0.35,0.38,0.42,0.48,0.54,0.58,0.69,0.66,0.71,0.86,ND,0.40,ND,ND,ND,0.62,0.87,0.46,0.48,0.52,0.61,0.79,0.95
2016-09-15,0.35,0.35,0.37,0.42,0.47,0.53,0.59,0.66,0.67,0.85,0.83,ND,0.40,0.39,0.40,0.42,0.59,0.76,0.46,0.48,0.49,0.60,0.70,0.91
2016-09-16,0.36,0.38,0.41,0.43,0.49,0.54,0.59,0.65,0.64,0.80,0.85,1.00,0.40,0.42,0.45,0.51,0.64,0.77,0.46,0.51,0.52,0.63,0.76,0.89
2016-09-19,0.37,0.35,0.37,0.40,0.46,0.52,0.59,0.64,0.68,0.76,0.80,ND,0.40,0.41,0.42,0.45,0.58,0.73,0.47,0.48,0.53,0.63,0.77,0.92
2016-09-20,0.37,0.38,0.39,0.41,0.47,0.53,0.59,0.64,0.69,0.77,0.92,1.07,0.40,0.41,0.41,0.43,0.61,0.79,0.46,0.51,0.56,0.66,0.73,0.90
2016-09-21,0.36,0.35,0.52,0.42,0.46,0.52,0.58,0.63,0.71,0.81,0.94,ND,0.40,0.42,ND,0.49,0.62,0.84,0.47,0.48,0.56,0.57,0.76,0.94
2016-09-22,0.36,0.35,0.37,0.41,0.47,ND,0.59,0.65,0.70,0.84,0.92,1.00,0.40,0.40,ND,0.48,0.61,0.77,0.47,0.48,0.56,0.63,0.77,0.95
2016-09-23,0.37,0.38,0.40,0.43,0.48,0.54,0.59,0.66,0.70,0.81,0.73,ND,0.40,0.40,ND,0.43,0.60,0.78,0.47,0.51,0.54,0.57,0.67,0.88
2016-09-26,0.37,0.46,0.48,0.38,0.40,0.56,0.58,0.63,0.70,0.80,0.91,ND,0.40,0.41,ND,0.47,0.55,0.63,0.47,0.51,0.55,0.69,0.65,1.04
2016-09-27,0.37,0.36,0.38,0.42,0.48,0.54,0.59,0.63,0.66,0.73,0.86,ND,0.40,0.41,ND,ND,0.56,0.64,0.48,0.50,0.53,0.61,0.77,0.91
2016-09-28,0.34,0.34,0.35,0.41,0.47,0.53,0.59,0.66,0.71,0.78,0.88,0.99,0.39,ND,0.42,ND,0.61,0.82,0.47,0.48,0.51,0.67,0.82,0.91
2016-09-29,0.33,0.35,0.36,0.36,0.44,0.52,0.59,0.65,0.68,0.77,0.72,ND,0.40,ND,0.44,0.48,ND,0.64,0.47,0.45,0.48,0.60,0.76,0.92
2016-09-30,0.34,0.34,0.37,0.39,0.45,0.52,0.58,0.60,0.67,0.74,ND,ND,0.37,ND,ND,ND,0.60,0.71,0.47,0.46,0.47,0.63,0.75,0.88
2016-10-03,0.38,0.35,0.35,0.42,0.49,0.53,0.58,0.61,0.65,0.76,0.82,ND,0.40,0.40,0.40,0.41,0.56,0.70,0.47,0.55,0.56,0.57,0.77,0.98
2016-10-04,0.37,0.35,0.36,0.42,0.48,0.54,0.59,0.60,0.68,0.79,0.86,ND,0.39,0.42,0.45,0.50,0.61,0.72,0.47,0.52,0.54,0.61,0.75,0.99
2016-10-05,0.37,0.35,0.35,0.39,0.49,0.57,0.58,0.64,0.66,0.79,0.89,ND,0.40,0.41,0.37,0.41,0.59,0.63,0.47,0.49,0.50,0.57,0.73,1.00
2016-10-06,0.34,0.35,0.37,0.43,0.48,0.53,0.59,0.67,0.67,0.74,0.70,0.65,0.40,0.43,0.46,0.52,0.65,0.78,0.47,0.47,0.52,0.61,0.77,0.91
2016-10-07,0.36,0.40,0.40,0.39,0.48,0.54,0.59,0.62,0.70,0.78,0.77,0.67,0.40,ND,ND,0.51,0.63,0.75,0.46,0.47,0.51,0.58,0.68,0.88
2016-10-10,ND,ND,ND,ND,ND,ND,ND,ND,ND,ND,ND,ND,ND,ND,ND,ND,ND,ND,ND,ND,ND,ND,ND,ND
2016-10-11,0.37,0.37,0.34,0.42,0.48,0.63,0.60,0.62,0.70,0.77,0.89,0.93,0.40,ND,ND,0.45,0.60,0.75,0.46,0.52,0.55,0.62,0.80,0.98
2016-10-12,0.35,0.36,0.40,0.49,0.49,0.62,0.58,0.61,0.66,0.81,0.85,ND,0.41,0.41,ND,0.41,0.57,0.73,0.46,0.50,0.56,0.64,0.80,0.95
2016-10-13,0.35,0.35,0.39,0.42,0.53,0.60,0.59,0.75,0.76,0.95,0.82,0.92,0.40,ND,0.42,0.43,0.60,0.78,0.47,0.49,0.51,0.57,0.73,0.84
2016-10-14,0.35,0.37,0.39,0.50,0.49,0.55,0.59,0.65,0.63,0.78,0.72,0.61,0.40,0.42,0.44,0.49,0.58,0.67,0.46,0.49,0.57,0.64,0.79,0.94
2016-10-17,0.37,0.35,0.38,0.44,0.53,0.64,0.59,0.66,0.70,0.76,0.83,0.90,0.40,ND,0.46,0.51,0.63,0.78,0.46,0.47,0.51,0.55,0.73,0.90
2016-10-18,0.38,0.35,0.39,0.45,0.54,0.61,0.59,0.67,0.64,0.77,0.79,1.03,0.40,0.38,0.39,0.44,0.59,0.75,0.46,0.51,0.58,0.63,0.74,0.85
2016-10-19,0.37,0.35,0.47,0.46,0.49,0.64,0.58,0.61,0.66,0.80,0.84,1.04,0.41,0.41,ND,0.43,0.59,0.74,0.46,0.55,0.57,0.60,0.74,0.88
2016-10-20,0.35,0.35,0.37,0.41,0.49,0.60,0.59,0.69,0.65,0.75,0.85,0.95,0.40,0.43,ND,ND,0.62,0.72,0.46,0.49,0.59,0.66,0.71,0.88
2016-10-21,0.36,0.38,0.37,0.41,0.47,0.53,0.58,0.66,0.68,0.99,0.80,ND,0.40,0.42,ND,ND,ND,0.67,0.46,0.47,0.55,0.58,0.70,0.95
2016-10-24,0.39,0.35,0.37,0.41,0.48,0.55,0.59,0.62,0.64,0.81,ND,ND,0.40,0.41,ND,0.43,0.58,0.73,0.45,0.49,0.53,0.57,0.66,0.80
2016-10-25,0.40,0.35,0.37,0.40,0.51,0.60,0.59,0.66,0.63,0.74,0.86,1.13,0.40,ND,0.40,0.43,0.57,0.72,0.45,0.52,0.50,0.55,0.74,0.90
2016-10-26,0.39,0.36,0.37,0.40,0.46,0.51,0.59,0.63,0.63,0.76,0.78,0.69,0.40,0.43,ND,ND,0.62,0.72,0.46,0.57,0.61,0.64,0.63,0.88
2016-10-27,0.33,0.35,0.36,0.40,0.61,0.63,0.59,0.66,0.68,0.73,0.84,0.94,0.40,0.41,ND,0.43,0.59,0.72,0.46,0.48,0.59,0.54,0.67,0.86
2016-10-28,0.34,0.33,0.34,0.41,0.49,0.60,0.59,0.66,0.69,0.76,0.88,ND,0.40,ND,0.44,0.48,0.58,0.67,0.47,0.48,0.52,0.60,0.74,0.89
2016-10-31,0.37,0.35,0.38,0.43,0.49,0.55,0.59,0.64,0.68,0.75,0.88,0.77,0.38,ND,ND,ND,0.57,0.67,0.46,0.47,0.55,0.65,0.66,0.92
2016-11-01,0.39,0.35,0.37,0.40,0.47,0.54,0.59,0.63,0.67,0.71,0.82,ND,0.40,0.40,0.41,0.42,0.58,0.73,0.46,0.54,0.51,0.55,0.68,0.88
2016-11-02,0.36,0.35,0.38,0.43,0.54,0.60,0.59,0.64,0.69,0.72,0.72,0.69,0.40,ND,ND,0.48,0.59,0.71,0.46,0.48,0.50,0.58,0.70,0.88
2016-11-03,0.33,0.35,0.37,0.44,0.56,0.56,0.59,0.66,0.71,0.75,0.84,0.93,0.40,0.44,0.44,0.42,0.62,0.73,0.46,0.49,0.52,0.58,0.73,0.87
2016-11-04,0.35,0.39,0.34,0.40,0.47,0.54,0.60,0.67,0.68,0.80,0.82,ND,0.40,0.44,0.49,ND,0.63,0.72,0.46,0.76,0.49,0.59,0.71,0.91
2016-11-07,0.38,0.35,0.37,0.39,0.48,0.55,0.59,0.64,0.68,0.76,0.86,0.63,0.40,0.42,0.44,0.49,0.57,0.66,0.46,0.47,0.49,0.52,0.72,0.89
2016-11-08,0.36,0.36,0.38,0.43,0.53,0.59,0.59,0.64,0.70,0.79,ND,ND,0.40,0.42,0.45,0.49,0.58,0.67,0.46,0.53,0.55,0.59,0.74,0.89
2016-11-09,0.34,0.35,0.37,0.43,0.54,0.62,0.59,0.62,0.66,0.81,0.81,ND,0.40,0.42,ND,ND,ND,0.67,0.46,0.50,0.53,0.59,0.71,0.83
2016-11-10,0.37,0.35,0.39,0.41,0.54,0.57,0.60,0.66,0.70,0.77,0.82,0.87,0.40,0.41,ND,0.47,0.55,0.62,0.46,0.48,0.54,0.63,0.67,0.85
2016-11-11,ND,ND,ND,ND,ND,ND,ND,ND,ND,ND,ND,ND,ND,ND,ND,ND,ND,ND,ND,ND,ND,ND,ND,ND
2016-11-14,0.36,0.35,0.39,0.43,0.53,0.63,0.60,0.64,0.67,0.71,0.80,ND,0.41,0.42,0.44,0.50,0.62,0.74,0.46,0.46,0.58,0.56,0.82,0.90
2016-11-15,0.37,0.36,0.38,0.42,0.54,0.62,0.62,0.66,0.68,0.74,0.90,0.96,0.41,0.42,0.45,0.49,0.59,0.68,0.47,0.48,0.51,0.53,0.70,0.90
2016-11-16,0.36,0.36,0.37,0.41,0.53,0.67,0.61,0.66,0.64,0.69,1.04,0.90,0.41,ND,0.49,0.57,0.73,0.90,0.46,0.47,0.53,0.62,0.79,0.93
2016-11-17,0.34,0.36,0.38,0.44,0.58,0.62,0.60,0.68,0.71,0.78,0.95,ND,0.40,0.40,0.39,0.43,0.57,0.72,0.46,0.47,0.56,0.57,0.74,0.92
2016-11-18,0.34,0.41,0.41,0.43,0.56,0.64,0.61,0.64,0.68,0.80,1.03,ND,0.40,ND,0.44,0.49,0.58,0.67,0.46,0.48,0.56,0.59,0.66,0.95
2016-11-21,0.36,0.40,0.35,0.42,0.56,0.65,0.61,0.65,0.73,0.80,0.95,1.04,0.40,0.36,ND,0.43,0.63,0.75,0.46,0.47,0.54,0.64,0.81,0.95
2016-11-22,0.35,0.39,0.38,0.57,0.62,0.67,0.60,0.66,0.71,0.81,1.01,1.11,0.41,0.42,0.45,0.49,0.58,0.67,0.46,0.49,0.51,0.59,0.76,0.93
2016-11-23,ND,0.36,0.45,0.40,ND,ND,0.60,0.75,0.76,0.82,0.97,ND,0.41,0.41,ND,ND,0.62,0.74,0.45,0.48,0.53,0.64,0.76,0.94
2016-11-24,ND,ND,ND,ND,ND,ND,ND,ND,ND,ND,ND,ND,ND,ND,ND,ND,ND,ND,ND,ND,ND,ND,ND,ND
2016-11-25,0.26,ND,0.28,0.25,ND,ND,0.62,0.63,ND,ND,ND,ND,0.41,ND,ND,ND,ND,ND,0.45,0.48,0.52,0.61,0.78,0.95
2016-11-28,0.37,0.36,0.37,0.43,0.54,0.66,0.61,0.66,0.72,0.85,0.93,ND,0.41,0.42,0.45,0.49,0.58,0.67,0.47,0.50,0.55,0.57,0.74,0.94
2016-11-29,0.35,0.36,0.40,0.56,0.62,0.69,0.60,0.66,0.67,0.86,0.63,ND,0.40,0.42,0.45,0.49,0.59,0.68,0.46,0.50,0.53,0.63,0.79,0.93
2016-11-30,0.35,0.36,0.39,0.47,0.56,0.72,0.61,0.67,0.71,0.87,ND,ND,0.34,0.36,0.40,0.48,0.62,0.73,0.45,0.46,0.51,0.60,0.75,0.89
2016-12-01,0.36,0.36,0.32,0.47,0.56,0.71,0.61,0.68,0.74,0.85,0.95,1.00,0.40,0.29,0.35,0.45,0.62,0.74,0.46,0.49,0.56,0.69,0.83,0.95
2016-12-02,0.35,0.35,0.40,0.50,0.62,0.70,0.62,0.67,0.72,0.83,0.94,1.00,0.40,0.40,0.44,ND,ND,0.77,0.47,0.49,0.53,0.61,0.79,0.97
2016-12-05,0.38,0.36,0.41,0.50,0.58,0.65,0.60,0.68,0.76,0.90,0.95,0.99,0.40,0.41,0.44,0.50,0.63,0.75,0.47,0.53,0.61,0.74,0.87,0.97
2016-12-06,0.38,0.36,0.39,0.51,0.62,0.73,0.61,0.68,0.62,0.88,1.01,1.00,0.40,0.43,0.43,0.46,0.61,0.73,0.47,0.51,0.56,0.64,0.80,0.97
2016-12-07,0.38,0.37,0.45,0.54,0.64,0.72,0.61,0.68,0.70,0.91,1.00,ND,0.40,0.42,ND,0.50,0.59,0.69,0.47,0.51,0.58,0.71,0.76,0.96
2016-12-08,0.36,0.38,0.45,0.53,0.60,0.73,0.61,0.72,0.77,0.90,1.04,ND,0.40,0.42,0.46,0.52,0.65,0.79,0.47,0.52,0.60,0.71,0.82,0.94
2016-12-09,0.37,0.42,0.48,0.54,0.63,0.73,0.61,0.68,0.77,0.94,1.01,ND,0.41,0.42,0.46,0.52,0.65,0.77,0.47,0.59,0.61,0.71,0.76,0.97
2016-12-12,0.39,0.56,0.47,0.60,0.67,0.77,0.61,0.73,0.82,0.88,ND,ND,0.41,0.49,0.52,0.59,0.68,0.92,0.48,0.69,0.69,0.76,0.87,1.09
2016-12-13,0.38,0.56,0.56,0.59,0.66,0.73,0.63,0.81,0.89,0.97,1.01,ND,0.41,0.58,0.62,0.69,0.82,0.96,0.47,0.66,0.69,0.73,0.86,1.07
2016-12-14,0.38,0.60,0.61,0.68,0.68,0.74,0.62,0.90,0.90,1.01,1.11,ND,0.40,0.46,0.53,0.60,0.74,0.88,0.48,0.65,0.75,0.81,0.81,1.02
2016-12-15,0.61,0.64,0.62,0.63,0.69,0.70,0.85,0.89,0.94,1.03,1.17,1.30,0.66,0.63,0.68,0.69,0.74,1.03,0.70,0.72,0.76,0.81,0.93,1.06
2016-12-16,0.62,0.63,0.64,0.66,0.71,0.76,0.87,0.84,0.98,1.01,1.16,1.30,0.65,0.62,0.64,0.67,0.80,1.01,0.71,0.75,0.71,0.76,0.95,1.09
2016-12-19,0.63,0.65,0.63,0.62,0.69,0.77,0.86,0.90,1.07,1.00,1.17,ND,0.66,0.67,ND,0.70,0.78,0.91,0.71,0.73,0.76,0.82,0.98,1.13
2016-12-20,0.61,0.65,0.64,0.62,0.71,0.80,0.86,0.93,0.98,1.06,ND,ND,0.65,0.55,0.58,0.64,0.80,0.93,0.72,0.72,0.81,0.84,0.97,1.10
2016-12-21,0.60,0.65,0.57,0.41,0.72,0.79,0.86,0.92,0.99,1.07,1.08,ND,0.65,0.56,0.60,0.67,0.82,0.98,0.72,0.74,0.81,0.84,0.97,1.10
2016-12-22,0.62,0.62,ND,0.43,ND,ND,0.86,0.90,0.98,1.06,ND,ND,0.65,0.60,ND,0.67,0.81,0.95,0.72,0.74,0.81,0.85,0.95,1.10
2016-12-23,0.63,0.65,0.14,0.43,ND,ND,0.85,0.87,0.95,ND,ND,ND,0.65,0.66,ND,ND,0.79,0.86,0.71,0.79,0.81,0.83,0.94,1.09
2016-12-26,ND,ND,ND,ND,ND,ND,ND,ND,ND,ND,ND,ND,ND,ND,ND,ND,ND,ND,ND,ND,ND,ND,ND,ND
2016-12-27,0.64,0.68,0.67,0.66,ND,ND,0.87,0.91,0.93,0.98,1.11,ND,0.65,ND,0.67,0.73,0.85,0.97,0.71,0.76,0.76,0.82,0.92,1.09
2016-12-28,0.60,ND,0.64,0.64,ND,ND,0.86,0.92,0.95,1.00,ND,ND,0.66,ND,ND,ND,0.82,0.91,0.72,0.75,0.80,0.82,0.93,1.09
2016-12-29,0.59,0.55,0.58,0.65,ND,ND,0.84,0.90,0.98,1.02,ND,ND,0.65,0.67,ND,0.72,ND,0.87,0.71,0.74,0.79,0.79,0.92,1.07
2016-12-30,0.60,0.62,0.65,0.63,ND,ND,0.83,0.88,0.92,1.01,ND,ND,0.52,0.55,ND,ND,ND,ND,0.65,0.67,0.73,0.82,0.95,1.07
2017-01-02,ND,ND,ND,ND,ND,ND,ND,ND,ND,ND,ND,ND,ND,ND,ND,ND,ND,ND,ND,ND,ND,ND,ND,ND
2017-01-03,0.64,0.58,0.57,0.61,0.71,0.77,0.85,0.90,0.93,1.07,1.09,ND,0.65,0.66,0.67,0.70,0.84,0.99,0.71,0.74,0.73,0.84,0.90,1.09
2017-01-04,0.60,0.58,0.63,0.62,0.69,0.79,0.86,0.91,0.96,1.01,1.21,ND,0.66,0.62,ND,0.71,0.83,0.95,0.72,0.75,0.76,0.79,0.91,1.10
2017-01-05,0.59,0.60,0.60,0.61,0.70,0.78,0.85,0.90,0.97,1.00,1.07,1.14,0.66,0.65,0.67,0.65,0.77,0.91,0.72,0.72,0.74,0.81,0.90,1.02
2017-01-06,0.60,0.60,0.61,0.62,0.66,0.71,0.85,0.89,0.94,1.02,1.06,ND,0.66,0.67,0.69,0.73,0.81,0.90,0.72,0.73,0.74,0.81,0.92,1.06
2017-01-09,0.61,0.62,0.62,0.66,0.71,0.76,0.86,0.90,0.93,0.97,1.13,1.29,0.65,ND,ND,0.74,0.82,0.90,0.72,0.74,0.75,0.80,0.89,1.10
2017-01-10,0.60,0.60,0.55,0.64,0.73,0.81,0.86,0.90,0.95,0.98,1.04,ND,0.65,0.57,0.58,0.68,0.85,0.94,0.72,0.74,0.80,0.83,0.91,1.07
2017-01-11,0.59,0.59,0.55,0.64,0.70,0.79,0.85,0.89,0.90,0.99,1.03,1.06,0.65,0.67,ND,0.73,0.80,0.87,0.72,0.75,0.76,0.80,0.88,0.99
2017-01-12,0.59,0.60,0.57,0.61,0.69,0.81,0.85,0.89,0.93,1.00,1.09,ND,0.66,0.65,0.63,0.61,0.70,0.82,0.71,0.73,0.77,0.81,0.91,1.01
2017-01-13,0.59,0.60,0.67,0.62,0.72,0.82,0.85,0.90,0.93,1.01,1.14,1.18,0.65,0.67,0.69,ND,0.85,0.91,0.71,0.72,0.72,0.81,0.95,1.05
2017-01-16,ND,ND,ND,ND,ND,ND,ND,ND,ND,ND,ND,ND,ND,ND,ND,ND,ND,ND,ND,ND,ND,ND,ND,ND
2017-01-17,0.62,0.59,0.62,0.66,0.75,0.82,0.86,0.89,0.90,0.98,1.10,1.12,0.65,0.67,0.69,0.72,0.80,0.87,0.71,0.74,0.77,0.80,0.88,1.09
2017-01-18,0.59,0.59,0.57,0.64,0.74,0.81,0.85,0.90,0.90,1.04,ND,ND,0.65,0.67,0.69,0.73,0.80,0.87,0.71,0.77,0.78,0.82,0.88,1.03
2017-01-19,0.58,0.58,0.56,0.67,0.70,0.79,0.85,0.89,0.95,0.97,1.16,1.18,0.65,0.67,ND,0.73,0.81,0.89,0.71,0.73,0.75,0.78,0.89,1.03
2017-01-20,0.57,0.58,0.60,0.65,0.71,0.83,0.85,0.89,0.92,1.01,ND,ND,0.65,0.67,0.70,0.75,ND,0.95,0.71,0.75,0.77,0.80,0.88,0.99
2017-01-23,0.62,0.57,0.57,0.64,0.73,0.78,0.85,0.90,0.92,1.00,1.01,ND,0.65,0.67,ND,0.73,0.80,0.87,0.72,0.71,0.73,0.80,0.91,1.05
2017-01-24,0.59,0.57,0.59,0.68,0.74,0.81,0.85,0.88,0.92,0.98,1.07,ND,0.65,0.67,0.70,0.75,0.84,0.92,0.72,0.73,0.75,0.80,0.90,1.04
2017-01-25,0.57,0.58,0.60,0.65,0.75,0.83,0.86,0.92,0.92,0.98,1.10,ND,0.65,ND,0.69,ND,0.79,0.86,0.72,0.76,0.78,0.82,0.89,1.08
2017-01-26,0.58,0.58,0.54,0.64,0.75,0.83,0.85,0.89,0.91,0.97,1.06,ND,0.65,0.67,0.69,ND,0.80,0.88,0.72,0.75,0.78,0.82,0.88,1.00
2017-01-27,0.57,0.59,0.56,0.63,0.72,0.81,0.86,0.89,0.91,0.95,ND,ND,0.65,0.67,0.69,0.73,ND,0.89,0.71,0.76,0.74,0.78,0.83,0.92
2017-01-30,0.57,0.58,0.59,0.62,0.71,0.81,0.86,0.91,0.91,1.00,0.93,ND,0.65,0.67,0.70,0.74,0.83,0.91,0.71,0.78,0.77,0.80,0.93,1.05
2017-01-31,0.58,0.58,0.60,0.62,0.70,0.79,0.87,0.89,0.93,1.03,ND,ND,0.58,ND,ND,ND,0.84,0.92,0.69,0.75,0.75,0.80,0.89,1.06
2017-02-01,0.58,0.58,0.60,0.64,0.72,0.79,0.87,0.92,0.95,0.98,0.98,ND,0.65,0.67,ND,0.74,0.83,0.93,0.71,0.76,0.77,0.80,0.87,1.03
2017-02-02,0.58,0.58,0.58,0.61,0.70,0.80,0.87,0.90,1.02,1.02,1.17,0.85,0.65,0.67,0.68,0.72,0.81,0.91,0.71,0.74,0.75,0.78,0.90,1.02
2017-02-03,0.58,0.58,0.58,0.61,0.70,0.78,0.88,0.88,0.94,0.98,1.08,ND,0.65,ND,ND,0.74,ND,0.93,0.71,0.74,0.76,0.80,0.85,1.00
2017-02-06,0.61,0.57,0.60,0.65,0.74,0.79,0.87,0.88,0.93,0.97,0.95,0.86,0.65,0.67,ND,0.74,ND,0.91,0.71,0.71,0.75,0.78,0.88,1.01
2017-02-07,0.61,0.57,0.58,0.62,0.73,0.80,0.89,0.87,0.94,0.99,0.96,0.86,0.65,0.65,0.63,0.60,0.69,0.78,0.71,0.73,0.75,0.80,0.90,1.00
2017-02-08,0.58,0.55,0.57,0.61,0.70,0.78,0.87,0.89,0.91,0.98,1.04,ND,0.65,0.67,0.69,ND,0.78,0.84,0.70,0.76,0.77,0.80,0.87,1.00
2017-02-09,0.57,0.56,0.52,0.61,0.70,0.77,0.88,0.89,0.90,0.98,1.06,1.14,0.65,0.67,0.69,ND,ND,0.89,0.70,0.72,0.72,0.82,0.87,1.02
2017-02-10,0.57,0.56,0.57,0.61,0.70,0.79,0.88,0.88,0.91,0.98,0.93,0.86,0.65,0.67,0.69,ND,0.82,0.91,0.70,0.73,0.75,0.79,0.92,1.04
2017-02-13,0.60,0.57,0.59,0.62,0.68,0.75,0.88,0.89,0.92,0.97,1.05,1.14,0.65,0.67,ND,ND,ND,0.87,0.70,0.71,0.74,0.78,0.89,1.00
2017-02-14,0.57,0.56,0.57,0.61,0.72,0.77,0.88,0.88,0.93,0.98,1.06,1.15,0.65,0.67,0.69,0.72,ND,0.87,0.70,0.74,0.72,0.79,0.89,1.01
2017-02-15,0.57,0.55,0.57,0.60,0.70,0.78,0.88,0.90,0.91,0.96,1.04,1.11,0.66,0.67,ND,0.74,0.84,0.94,0.70,0.76,0.77,0.75,0.82,1.00
2017-02-16,0.57,0.57,0.57,0.60,0.68,0.77,0.88,0.89,0.91,0.97,ND,ND,0.65,0.67,0.69,ND,ND,0.86,0.71,0.73,0.75,0.77,0.89,1.04
2017-02-17,0.57,0.56,0.56,0.59,0.65,0.71,0.87,0.88,0.95,0.97,1.06,1.16,0.65,ND,0.68,0.72,0.80,0.87,0.71,0.74,0.77,0.72,0.85,1.00
2017-02-20,ND,ND,ND,ND,ND,ND,ND,ND,ND,ND,ND,ND,ND,ND,ND,ND,ND,ND,ND,ND,ND,ND,ND,ND
2017-02-21,0.61,0.56,0.58,0.61,0.67,0.73,0.88,0.89,0.93,0.99,1.09,ND,0.65,0.67,0.69,0.72,0.79,0.86,0.71,0.76,0.74,0.77,0.89,0.99
2017-02-22,0.57,0.56,0.56,0.62,0.70,0.78,0.87,0.91,0.96,1.00,1.10,1.20,0.65,0.67,0.69,0.72,0.79,0.86,0.71,0.76,0.78,0.77,0.86,0.99
2017-02-23,0.54,0.56,0.53,0.57,0.67,0.77,0.87,0.89,0.92,0.99,1.14,ND,0.65,0.67,0.69,0.72,0.79,0.86,0.71,0.76,0.75,0.78,0.88,0.99
2017-02-24,0.56,0.57,0.56,0.60,0.69,0.77,0.87,0.88,0.95,0.99,0.94,ND,0.65,0.66,0.68,ND,0.79,0.86,0.70,0.75,0.74,0.78,0.86,0.99
2017-02-27,0.57,0.57,0.59,0.62,0.69,0.77,0.87,0.88,0.92,0.97,1.06,1.16,0.65,0.65,0.65,0.64,0.63,0.72,0.70,0.72,0.74,0.79,0.87,1.00
2017-02-28,0.56,0.57,0.58,0.63,0.71,0.77,0.87,0.87,0.94,1.00,0.92,0.85,0.57,0.58,ND,ND,0.73,0.81,0.69,0.77,0.72,0.76,0.83,0.93
2017-03-01,0.57,0.56,0.58,0.62,0.68,0.74,0.87,0.90,0.92,0.96,1.06,ND,0.65,0.67,0.68,0.69,0.83,0.94,0.70,0.76,0.73,0.77,0.87,0.98
2017-03-02,0.56,0.57,0.60,0.64,0.71,ND,0.87,0.90,0.93,1.03,1.13,1.23,0.65,0.66,0.69,0.74,0.82,0.90,0.70,0.72,0.72,0.72,0.84,0.95
2017-03-03,0.59,0.57,0.59,0.65,ND,0.66,0.87,0.88,0.93,1.06,1.14,1.30,0.65,0.66,0.68,ND,0.78,0.85,0.70,0.74,0.76,0.82,0.94,1.04
2017-03-06,0.59,0.56,0.63,0.67,0.77,0.82,0.87,0.89,0.97,1.05,1.16,1.28,0.65,0.67,ND,0.73,0.81,0.89,0.70,0.72,0.76,0.81,0.93,1.11
2017-03-07,0.59,0.57,0.62,0.71,0.77,0.83,0.87,0.90,1.05,1.00,1.17,1.26,0.65,0.67,0.69,ND,0.80,0.88,0.70,0.74,0.78,0.86,0.97,1.07
2017-03-08,0.57,0.57,0.64,0.74,0.87,0.77,0.87,0.93,0.99,1.02,ND,ND,0.65,0.67,0.69,0.72,0.80,0.87,0.70,0.76,0.77,0.87,1.00,1.11
2017-03-09,0.57,0.57,0.64,0.78,0.95,0.97,0.87,0.94,1.00,1.11,1.16,1.21,0.65,0.67,0.69,0.73,0.80,0.88,0.68,0.75,0.80,0.88,0.99,1.10
2017-03-10,0.57,0.60,0.62,0.79,0.79,ND,0.87,0.93,1.03,1.13,1.24,ND,0.65,0.67,0.69,0.72,0.80,0.88,0.68,0.78,0.79,0.90,0.98,1.14
2017-03-13,0.57,0.73,0.78,0.91,0.86,0.84,0.88,1.00,1.08,1.16,1.20,1.24,0.65,0.76,0.79,0.84,0.96,1.01,0.69,0.87,0.90,0.94,1.02,1.14
2017-03-14,0.58,0.77,0.75,0.81,0.84,0.89,0.89,1.06,1.12,1.15,1.34,ND,0.65,0.67,ND,0.73,0.81,0.89,0.69,0.86,0.91,0.95,1.06,1.18
2017-03-15,0.58,0.78,0.77,0.89,0.81,0.82,0.91,1.11,1.13,1.24,1.28,1.32,0.65,0.78,0.81,0.86,0.98,1.05,0.69,0.93,0.90,0.95,0.98,1.19
2017-03-16,0.84,0.82,0.82,0.81,0.86,0.91,1.11,1.12,1.19,1.22,ND,ND,0.90,0.92,0.93,0.96,1.00,1.05,0.93,0.97,0.97,0.98,1.03,1.18
2017-03-17,0.82,0.83,0.79,0.82,0.84,0.89,1.11,1.13,1.16,1.24,1.29,1.33,0.90,0.91,0.93,0.95,1.01,1.06,0.94,0.96,0.99,1.00,1.03,1.14
2017-03-20,0.85,0.83,0.80,0.81,0.86,0.91,1.11,1.13,1.16,1.22,1.27,1.32,0.90,0.91,0.93,ND,ND,1.05,0.92,0.94,0.97,0.98,1.01,1.11
2017-03-21,0.83,0.82,0.81,0.82,0.87,0.92,1.11,1.11,1.17,1.23,1.27,1.30,0.90,0.91,0.93,0.95,1.00,1.06,0.92,0.95,0.97,1.01,1.08,1.15
2017-03-22,0.82,0.83,0.80,0.81,ND,0.91,1.11,1.14,1.17,1.22,1.31,1.40,0.90,0.91,0.93,0.95,1.00,1.05,0.92,0.95,0.99,1.00,1.02,1.12
2017-03-23,0.82,0.82,0.81,0.82,0.87,0.93,1.11,1.12,1.17,1.24,1.42,ND,0.90,0.91,ND,ND,1.00,1.04,0.92,0.97,0.95,0.99,1.07,1.14
2017-03-24,0.82,0.83,0.84,0.82,0.85,0.91,1.11,1.14,1.17,1.23,1.25,1.26,0.90,0.91,0.93,ND,1.00,1.05,0.92,0.97,0.98,0.95,1.04,1.14
2017-03-27,0.84,0.83,0.87,0.85,0.85,0.91,1.11,1.14,1.19,1.22,1.44,ND,0.90,ND,ND,ND,ND,ND,0.92,1.00,0.97,0.97,1.06,1.15
2017-03-28,0.83,0.83,0.82,0.82,0.87,0.92,1.11,1.12,1.15,1.24,ND,ND,0.90,0.91,ND,ND,ND,1.05,0.92,0.98,0.98,0.95,1.04,1.15
2017-03-29,0.82,0.82,ND,0.83,0.87,0.93,1.11,1.14,1.16,1.24,1.19,ND,0.90,ND,0.93,0.96,1.00,1.05,0.91,0.92,0.98,1.03,1.07,1.12
2017-03-30,0.81,0.82,0.81,0.81,0.86,0.93,1.11,1.12,1.17,1.20,1.27,ND,0.90,0.91,ND,0.94,ND,1.02,0.90,0.98,0.99,0.99,1.05,1.13
2017-03-31,0.82,0.82,0.80,0.80,0.91,0.96,1.10,1.12,1.15,1.19,1.25,ND,0.80,0.81,0.82,ND,ND,ND,0.87,0.97,1.01,1.00,1.05,1.13
2017-04-03,0.82,0.81,0.81,0.82,0.85,0.91,1.11,1.11,1.15,1.21,1.30,1.38,0.90,0.90,0.89,0.87,0.94,1.00,0.91,0.99,0.99,1.00,1.02,1.16
2017-04-04,0.82,0.81,0.83,0.82,0.85,0.90,1.11,1.11,1.16,1.24,1.29,ND,0.90,0.92,0.93,0.95,0.99,1.04,0.91,1.00,1.01,1.03,1.08,1.13
2017-04-05,0.81,0.82,0.83,0.82,0.85,0.91,1.11,1.13,1.15,1.24,1.26,ND,0.90,0.82,0.84,0.89,0.95,1.01,0.92,0.97,0.99,1.03,1.09,1.15
2017-04-06,0.81,0.81,0.86,0.83,0.85,0.92,1.11,1.13,1.16,1.20,1.26,1.32,0.90,0.89,0.87,0.83,0.88,0.95,0.90,0.99,0.98,0.98,1.05,1.15
2017-04-07,0.81,0.82,0.81,0.86,0.85,0.90,1.11,1.11,1.16,1.19,1.33,ND,0.90,0.82,0.84,0.87,0.93,0.99,0.91,0.96,0.97,0.98,1.02,1.09
2017-04-10,0.83,0.81,0.80,0.82,0.86,0.91,1.11,1.11,1.14,1.21,1.28,ND,0.90,0.92,0.93,0.95,1.00,1.05,0.91,0.98,0.98,1.00,1.06,1.13
2017-04-11,0.83,0.82,0.82,0.83,0.86,0.95,1.11,1.13,1.16,1.22,1.30,1.38,0.90,0.92,0.93,0.95,1.00,1.05,0.92,0.98,0.96,0.99,1.08,1.17
2017-04-12,0.81,0.82,0.81,0.82,0.86,0.91,1.11,1.13,1.14,1.20,1.27,1.35,0.90,0.92,0.93,0.95,1.00,1.05,0.92,0.99,0.96,1.00,1.08,1.16
2017-04-13,0.83,0.82,0.81,0.81,0.86,0.91,1.11,1.12,1.16,1.19,1.25,1.32,0.91,0.89,0.84,0.83,0.92,0.99,0.87,0.99,1.00,0.99,1.08,1.16
2017-04-14,ND,ND,ND,ND,ND,ND,ND,ND,ND,ND,ND,ND,ND,ND,ND,ND,ND,ND,ND,ND,ND,ND,ND,ND
2017-04-17,0.82,0.82,0.82,0.83,0.87,0.93,1.11,1.13,1.15,1.19,1.27,1.35,0.90,0.92,0.88,0.88,0.95,1.02,0.90,0.99,0.96,0.96,1.06,1.12
2017-04-18,0.82,0.82,0.83,0.83,0.89,0.94,1.11,1.12,1.15,1.22,1.25,1.27,0.90,0.91,ND,0.91,0.94,0.99,0.92,0.99,1.02,1.02,1.03,1.16
2017-04-19,0.81,0.82,0.82,0.83,0.88,0.94,1.11,1.12,1.13,1.20,1.16,1.10,0.90,0.91,0.93,0.95,0.99,1.03,0.91,0.98,0.98,0.99,1.07,1.14
2017-04-20,0.81,0.82,0.82,0.83,0.86,0.92,1.11,1.11,1.14,1.20,1.25,ND,0.90,0.91,ND,0.94,0.98,1.02,0.91,0.98,0.97,0.97,1.03,1.09
2017-04-21,0.81,0.81,0.81,0.83,0.86,0.93,1.11,1.12,1.12,1.19,1.26,ND,0.90,0.91,ND,0.95,0.99,1.03,0.91,0.97,0.97,1.00,1.07,1.14
2017-04-24,0.83,0.81,0.81,0.83,0.88,0.92,1.11,1.14,1.15,1.18,1.26,1.33,0.90,0.91,ND,0.95,1.00,1.04,0.91,1.00,0.99,0.98,1.05,1.11
2017-04-25,0.82,0.82,0.82,0.82,0.86,0.91,1.11,1.11,1.15,1.18,1.30,ND,0.90,0.92,ND,0.95,1.00,1.05,0.92,0.99,1.00,1.03,1.08,1.15
2017-04-26,0.81,0.82,0.82,0.82,0.84,0.90,1.10,1.13,1.12,1.22,1.28,ND,0.90,ND,ND,0.95,1.00,1.05,0.91,0.97,0.97,0.98,1.04,1.12
2017-04-27,0.80,0.81,0.81,0.82,0.87,0.92,1.11,1.12,1.14,1.17,1.18,ND,0.90,0.92,ND,ND,1.01,1.06,0.87,0.98,1.00,1.00,1.03,1.09
2017-04-28,0.82,0.82,0.81,0.84,0.86,0.91,1.11,1.12,1.15,1.21,1.27,1.30,0.83,0.82,0.81,0.86,1.00,1.13,0.87,0.96,0.99,1.01,1.05,1.15
2017-05-01,0.84,0.82,0.82,0.83,0.88,0.94,1.11,1.11,1.14,1.19,1.29,ND,0.90,0.91,0.91,0.91,0.95,1.01,0.90,1.01,0.98,0.99,1.06,1.13
2017-05-02,0.85,0.82,0.82,0.83,0.86,0.92,1.11,1.12,1.15,1.20,1.29,ND,0.90,0.91,0.92,0.93,0.97,1.03,0.91,1.01,1.03,0.99,1.06,1.14
2017-05-03,0.83,0.82,0.82,0.84,0.89,0.95,1.11,1.13,1.15,1.19,1.30,ND,0.90,0.92,ND,0.96,ND,1.06,0.91,0.95,0.97,0.99,1.03,1.13
2017-05-04,0.83,0.82,0.81,0.82,0.87,0.92,1.11,1.13,1.16,1.20,ND,ND,0.90,0.92,0.93,0.96,1.01,1.06,0.90,0.99,0.99,0.98,1.06,1.14
2017-05-05,0.83,0.82,0.82,0.83,0.87,0.93,1.11,1.11,1.15,1.19,1.32,ND,0.90,0.91,0.93,0.95,1.00,1.05,0.91,0.95,0.95,0.95,0.99,1.09
2017-05-08,0.84,0.82,0.82,0.83,0.89,ND,1.11,1.13,1.15,1.19,1.27,1.35,0.90,0.92,0.93,0.96,1.01,1.06,0.91,1.01,1.00,0.99,1.05,1.15
2017-05-09,0.83,0.82,0.82,0.83,0.88,0.95,1.11,1.12,1.14,1.17,1.30,ND,0.90,0.92,0.93,0.95,ND,1.05,0.91,0.94,0.98,1.01,1.08,1.15
2017-05-10,0.84,0.82,0.82,0.83,0.88,0.94,1.11,1.13,1.15,1.18,1.22,ND,0.90,0.92,0.93,0.96,1.01,1.06,0.92,0.95,0.97,1.01,1.07,1.15
2017-05-11,0.83,0.82,0.82,0.83,0.88,0.95,1.11,1.11,1.14,1.19,1.31,ND,0.90,0.92,0.93,ND,1.01,1.06,0.92,0.99,0.99,1.00,1.05,1.10
2017-05-12,0.83,0.82,0.83,0.84,0.88,0.94,1.11,1.13,1.16,1.20,1.27,ND,0.90,0.91,ND,0.95,1.00,1.04,0.92,0.95,0.96,0.98,1.06,1.16
2017-05-15,0.84,0.82,0.82,0.83,0.88,0.94,1.11,1.13,1.15,1.18,1.28,1.25,0.90,0.91,ND,0.95,ND,1.04,0.92,1.01,0.98,0.97,1.04,1.15
2017-05-16,0.85,0.82,0.84,0.86,0.91,0.97,1.11,1.12,1.17,1.19,1.28,ND,0.90,0.92,ND,0.95,ND,1.05,0.92,0.95,0.97,1.01,1.09,1.16
2017-05-17,0.83,0.82,ND,0.83,0.88,0.98,1.10,1.13,1.15,1.20,1.24,ND,0.91,0.91,0.93,0.95,1.00,1.04,0.92,0.97,0.99,1.00,1.06,1.15
2017-05-18,0.81,0.82,0.82,0.83,0.89,0.95,1.11,1.10,1.15,1.20,1.27,ND,0.90,0.91,0.93,0.95,0.99,1.04,0.92,1.01,0.98,0.99,1.07,1.16
2017-05-19,0.82,0.82,0.81,0.83,0.89,0.96,1.11,1.12,1.14,1.19,ND,ND,0.90,0.91,0.92,0.95,0.99,1.04,0.92,0.96,0.97,0.99,1.03,1.16
2017-05-22,0.84,0.83,0.82,0.83,0.89,0.94,1.11,1.12,1.12,1.20,1.27,1.33,0.91,0.92,ND,ND,ND,1.05,0.92,0.99,1.00,0.96,1.06,1.17
2017-05-23,0.83,0.82,0.82,0.84,0.90,0.95,1.11,1.12,1.14,1.20,1.31,1.42,0.90,0.92,ND,ND,ND,1.04,0.92,0.96,0.98,1.00,1.08,1.17
2017-05-24,0.84,0.82,0.82,0.87,0.92,0.97,1.11,1.13,1.15,1.21,1.32,1.43,0.90,0.92,0.93,0.96,1.00,1.05,0.95,1.00,1.00,1.00,1.06,1.18
2017-05-25,0.82,0.82,0.83,0.84,0.90,ND,1.11,1.10,1.16,1.22,ND,ND,0.90,0.91,0.93,0.95,1.00,1.05,0.94,0.99,0.99,1.02,1.07,1.18
2017-05-26,0.82,0.82,0.87,0.86,0.92,0.97,1.11,1.12,1.19,1.22,ND,ND,0.90,0.91,0.92,ND,0.99,1.04,0.95,0.95,0.98,1.03,1.09,1.15
2017-05-29,ND,ND,ND,ND,ND,ND,ND,ND,ND,ND,ND,ND,ND,ND,ND,ND,ND,ND,ND,ND,ND,ND,ND,ND
2017-05-30,0.81,0.82,0.83,0.85,0.92,0.98,1.11,1.13,1.15,1.23,ND,ND,0.90,0.91,0.93,0.95,1.00,1.05,0.96,1.00,1.00,1.01,1.07,1.16
2017-05-31,0.81,0.82,0.85,0.86,0.91,0.97,1.11,1.13,1.14,1.23,1.30,ND,0.84,0.91,ND,0.95,1.01,1.06,0.94,1.00,1.00,1.03,1.08,1.15
2017-06-01,0.81,0.82,0.80,0.90,ND,0.97,1.11,1.10,1.18,1.25,1.39,1.37,0.90,0.92,0.93,0.96,1.01,1.06,0.96,1.00,1.01,1.03,1.10,1.18
2017-06-02,0.82,0.82,0.82,0.86,0.92,0.98,1.11,1.11,1.15,1.24,1.31,1.35,0.90,0.91,0.92,0.95,1.00,1.06,0.96,0.96,1.00,1.03,1.11,1.20
2017-06-05,0.84,0.81,0.84,0.89,0.94,0.99,1.11,1.13,1.15,1.26,ND,ND,0.90,0.92,0.93,0.96,1.01,1.07,0.95,0.99,1.01,1.04,1.12,1.21
2017-06-06,0.84,0.82,0.85,0.88,0.92,0.97,1.11,1.12,1.16,1.25,1.31,1.37,0.90,ND,0.93,0.95,1.00,1.05,0.96,1.01,1.04,1.04,1.13,1.22
2017-06-07,0.84,0.82,0.88,0.93,0.97,1.02,1.11,1.13,1.15,1.27,ND,1.38,0.90,0.92,0.93,0.96,1.01,1.07,0.96,0.97,1.00,1.04,1.13,1.22
2017-06-08,0.82,0.82,0.91,0.93,0.98,1.03,1.11,1.11,1.21,1.27,1.33,1.38,0.90,0.92,0.93,0.96,ND,1.06,0.95,1.00,1.03,1.08,1.16,1.24
2017-06-09,0.83,0.86,0.91,1.01,0.99,1.05,1.11,1.14,1.21,1.30,ND,ND,0.90,0.91,0.93,ND,1.01,1.06,0.96,1.00,1.05,1.07,1.14,1.23
2017-06-12,0.85,0.97,0.98,1.00,1.04,1.08,1.11,1.23,1.26,1.30,ND,1.51,0.90,1.05,1.05,1.04,1.06,1.11,0.96,1.08,1.14,1.17,1.20,1.24
2017-06-13,0.85,1.00,1.00,1.02,1.05,1.09,1.11,1.27,1.31,1.33,ND,1.43,0.90,1.07,1.08,1.10,ND,1.17,0.95,1.14,1.16,1.18,1.22,1.27
2017-06-14,0.84,1.04,1.04,1.04,1.07,1.14,1.11,1.34,1.30,1.31,1.31,ND,0.90,1.11,ND,1.14,1.17,1.20,0.94,1.18,1.18,1.18,1.21,1.27
2017-06-15,1.09,1.08,1.06,1.07,1.11,1.15,1.33,1.36,1.35,1.41,1.45,1.50,1.15,1.16,1.09,1.00,1.05,1.10,1.17,1.22,1.21,1.23,1.22,1.27
2017-06-16,1.09,1.08,1.08,1.11,1.10,1.13,1.33,1.37,1.37,1.40,1.48,ND,1.16,1.16,1.15,1.10,ND,1.17,1.21,1.21,1.19,1.22,1.26,1.29
2017-06-19,1.10,1.08,1.08,1.12,1.09,1.14,1.34,1.32,1.37,1.44,ND,ND,1.15,1.16,1.17,1.18,1.22,1.25,1.20,1.19,1.22,1.23,1.25,1.28
2017-06-20,1.11,1.08,1.09,1.11,1.13,1.16,1.34,1.36,1.37,1.39,1.44,1.48,1.15,1.15,1.13,1.10,1.15,1.19,1.20,1.22,ND,1.24,1.27,1.29
2017-06-21,1.10,1.08,1.08,1.10,1.13,1.16,1.34,1.36,1.38,1.42,1.46,ND,1.15,1.16,1.17,1.18,1.21,1.24,1.20,1.19,ND,1.22,1.25,1.28
2017-06-22,1.07,1.08,1.08,1.08,1.10,1.15,1.33,1.39,1.36,1.39,1.44,1.49,1.15,1.16,1.17,1.19,1.22,1.25,1.18,1.22,1.23,1.24,1.26,1.29
2017-06-23,1.10,1.08,1.08,1.09,1.12,1.16,1.33,1.35,1.36,1.41,ND,ND,1.15,1.16,ND,1.18,1.22,1.25,1.20,1.21,1.30,1.26,1.27,1.29
2017-06-26,1.11,1.08,1.08,1.09,1.11,1.14,1.33,1.35,1.37,1.43,1.61,1.79,1.15,ND,ND,ND,1.22,1.25,1.20,1.20,1.21,1.22,1.26,1.30
2017-06-27,1.11,1.09,1.10,1.12,1.16,1.19,1.33,1.34,1.35,1.41,ND,ND,1.15,1.13,1.10,1.09,1.13,1.18,1.20,1.21,1.22,1.22,1.26,1.31
2017-06-28,1.13,ND,1.11,1.10,1.12,1.15,1.32,1.37,1.35,1.39,ND,ND,1.15,1.16,ND,1.19,1.22,1.26,1.21,1.23,1.20,1.21,1.25,1.29
2017-06-29,1.12,1.08,1.09,1.11,ND,1.17,1.32,1.33,1.36,1.41,ND,ND,1.16,1.16,ND,1.19,1.22,1.25,1.20,1.23,1.23,1.21,1.25,1.30
2017-06-30,1.08,1.00,1.08,0.90,1.14,1.17,1.32,1.36,1.36,1.40,ND,ND,1.06,1.05,1.06,1.08,1.12,ND,1.17,1.21,1.22,1.25,1.26,1.27
2017-07-03,1.14,1.08,1.06,1.08,1.12,ND,1.34,1.35,1.35,1.34,ND,ND,1.15,1.16,ND,1.18,ND,1.25,1.19,1.19,1.19,1.21,ND,1.32
2017-07-04,ND,ND,ND,ND,ND,ND,ND,ND,ND,ND,ND,ND,ND,ND,ND,ND,ND,ND,ND,ND,ND,ND,ND,ND
2017-07-05,1.09,1.08,1.08,1.09,1.13,1.16,1.33,1.37,1.40,1.39,ND,ND,1.15,1.17,1.16,1.14,1.15,1.20,1.20,1.20,1.22,1.23,1.26,1.29
2017-07-06,1.08,1.07,1.07,1.08,1.12,1.16,1.33,1.37,1.37,1.40,1.48,ND,1.15,1.15,1.13,1.09,1.12,1.17,1.20,1.22,1.23,1.24,1.26,1.30
2017-07-07,1.08,1.08,1.08,1.10,1.12,1.16,1.32,1.36,1.37,1.40,1.47,ND,1.15,ND,1.17,1.19,1.23,1.26,1.20,1.21,1.23,1.25,1.28,1.32
2017-07-10,1.10,1.07,1.08,1.09,1.12,1.16,1.33,1.34,1.37,1.42,1.46,1.48,1.15,1.14,1.12,1.09,1.13,1.18,1.20,1.21,1.21,1.22,1.27,1.32
2017-07-11,1.10,1.10,1.09,1.10,1.13,1.17,1.32,1.35,1.36,1.40,1.44,1.48,1.15,1.16,1.17,ND,1.22,1.25,1.20,1.20,1.21,1.23,1.27,1.32
2017-07-12,1.08,1.08,1.10,1.09,1.12,1.16,1.32,1.37,1.35,1.38,1.45,ND,1.15,1.14,1.12,1.10,1.14,1.19,1.20,1.21,1.20,1.23,1.26,1.33
2017-07-13,1.07,1.08,1.10,1.11,1.12,1.17,1.32,1.35,1.37,1.40,1.49,ND,1.15,ND,1.17,1.19,1.22,1.26,1.19,1.21,1.32,1.26,1.29,1.32
2017-07-14,1.08,1.08,1.11,1.12,1.12,1.16,1.32,1.36,1.37,1.38,ND,ND,1.15,1.16,1.16,1.18,1.20,1.23,1.20,1.20,1.21,1.23,1.27,1.31
2017-07-17,1.13,1.09,1.12,1.13,1.12,1.16,1.33,1.36,1.35,1.41,1.37,ND,1.15,1.10,1.11,1.12,1.15,1.17,1.20,1.25,1.24,1.24,1.26,1.28
2017-07-18,1.12,1.10,1.11,1.16,1.18,1.21,1.32,1.34,1.37,1.41,1.41,1.41,1.15,1.16,1.17,1.18,1.21,1.24,1.20,1.20,1.21,1.23,1.28,1.32
2017-07-19,1.09,1.08,1.09,1.11,1.13,1.16,1.31,1.36,1.36,1.38,1.40,1.42,1.15,1.18,1.15,1.14,1.18,1.23,1.20,1.21,1.21,1.23,1.26,1.30
2017-07-20,1.08,1.12,1.07,1.10,1.14,1.18,1.31,1.34,1.37,1.38,1.39,ND,1.15,1.18,ND,1.13,1.18,1.23,1.19,1.21,1.22,1.25,1.35,1.46
2017-07-21,1.08,1.08,1.10,1.07,1.12,1.17,1.31,1.37,1.36,1.38,ND,ND,1.15,1.17,1.16,1.14,1.18,1.21,1.20,1.22,1.23,1.25,1.28,1.32
2017-07-24,1.12,1.09,1.11,1.11,1.14,1.18,1.32,1.36,1.37,1.40,1.49,ND,1.15,1.15,1.14,1.13,1.17,1.22,1.20,1.21,1.22,1.24,1.25,1.29
2017-07-25,1.11,1.08,1.10,1.13,1.15,1.18,1.32,1.34,1.33,1.43,ND,ND,1.15,1.16,ND,1.19,1.22,1.26,1.20,1.20,1.22,1.25,1.29,1.34
2017-07-26,1.09,1.09,1.11,1.13,1.17,1.20,1.32,1.35,1.37,1.40,1.42,ND,1.15,1.15,ND,1.14,1.18,1.23,1.20,1.22,1.22,1.23,1.26,1.30
2017-07-27,1.08,1.08,1.08,1.10,1.14,1.18,1.32,1.33,1.39,1.36,1.41,1.47,1.15,ND,ND,1.18,ND,1.25,1.20,1.21,1.40,1.32,1.24,1.31
2017-07-28,1.07,1.08,1.08,1.09,1.13,1.16,1.33,1.38,1.37,1.38,ND,ND,1.15,1.16,ND,1.19,1.22,1.26,1.20,1.21,1.22,1.24,1.28,1.31
2017-07-31,1.07,1.08,1.06,1.08,1.13,1.17,1.32,1.33,1.34,1.37,1.40,ND,1.09,1.09,1.10,1.12,1.15,1.19,1.18,1.20,1.20,1.20,1.25,1.29
2017-08-01,1.11,1.09,1.12,1.13,1.17,1.20,1.32,1.35,1.36,1.39,1.43,ND,1.15,1.18,ND,1.20,1.23,1.26,1.20,1.22,1.21,1.24,1.26,1.32
2017-08-02,1.08,1.08,1.09,1.10,1.13,1.15,1.33,1.34,1.36,1.34,1.40,1.46,1.15,1.13,1.10,1.13,1.17,1.22,1.20,1.23,1.19,1.21,1.26,1.32
2017-08-03,1.08,1.08,1.10,1.09,1.14,1.18,1.32,1.34,1.34,1.35,1.43,ND,1.15,1.18,1.19,1.21,1.24,1.28,1.19,1.21,1.24,1.25,1.28,1.31
2017-08-04,1.08,1.08,1.10,1.12,1.14,1.18,1.32,1.35,1.37,1.40,1.47,ND,1.15,1.17,1.18,1.20,1.24,1.27,1.19,1.21,1.22,1.25,1.28,1.30
2017-08-07,1.11,1.08,1.10,1.12,1.15,1.19,1.32,1.34,1.36,1.38,1.41,ND,1.15,1.15,1.15,1.14,1.18,1.22,1.20,1.20,1.21,1.21,1.26,1.31
2017-08-08,1.11,1.09,1.10,1.12,1.15,1.18,1.32,1.34,1.35,1.41,1.45,ND,1.15,1.18,1.15,1.10,1.15,1.21,1.20,1.21,1.22,1.24,1.28,1.32
2017-08-09,1.08,1.08,1.10,1.10,1.14,1.19,1.32,1.35,1.34,1.42,1.45,ND,1.15,1.16,ND,1.19,1.22,1.26,1.20,1.21,1.22,1.24,1.29,1.35
2017-08-10,1.07,1.08,1.08,1.10,1.13,1.17,1.32,1.35,1.38,1.43,1.44,ND,1.15,1.18,ND,1.14,1.18,1.23,1.20,1.22,1.29,1.23,1.27,1.31
2017-08-11,1.08,1.08,1.10,1.11,1.15,1.19,1.32,1.34,1.37,1.39,ND,ND,1.15,1.16,1.17,1.18,ND,1.26,1.20,1.21,1.20,1.22,1.27,1.32
2017-08-14,1.07,1.08,1.09,1.09,1.14,1.20,1.32,1.33,1.36,1.40,1.43,ND,1.15,1.14,1.13,1.15,1.19,1.24,1.20,1.21,1.25,1.26,1.28,1.33
2017-08-15,1.10,1.10,1.08,1.10,1.15,1.19,1.32,1.34,1.36,1.38,1.43,ND,1.15,1.16,1.13,1.07,1.12,1.17,1.20,1.20,1.21,1.23,1.26,1.28
2017-08-16,1.10,1.08,1.08,1.10,1.13,1.16,1.32,1.34,1.34,1.41,1.45,ND,1.15,1.16,1.17,1.19,1.23,1.27,1.20,1.24,1.24,1.25,1.27,1.32
2017-08-17,1.08,1.08,1.11,1.10,1.14,1.18,1.31,1.35,1.35,1.38,1.43,ND,1.15,1.18,1.16,1.15,1.19,1.23,1.19,1.21,1.22,1.24,1.28,1.32
2017-08-18,1.09,1.08,1.04,1.07,1.12,1.17,1.32,1.34,1.37,1.39,1.38,1.37,1.15,1.16,1.17,ND,1.21,1.24,1.20,1.22,1.22,1.22,1.24,1.29
2017-08-21,1.10,1.08,1.09,1.11,1.15,1.19,1.31,1.35,1.35,1.38,1.44,ND,1.15,1.16,1.17,1.19,1.23,1.26,1.20,1.21,1.22,1.23,1.28,1.33
2017-08-22,1.09,1.08,1.09,1.10,1.13,1.16,1.32,1.35,1.36,1.38,1.41,ND,1.15,1.16,1.17,1.19,1.23,1.26,1.20,1.20,1.21,1.22,1.27,1.31
2017-08-23,1.09,1.08,1.09,1.10,ND,1.18,1.31,1.34,1.35,1.40,1.41,ND,1.15,1.18,1.19,1.20,1.24,1.27,1.20,1.24,1.22,1.24,1.28,1.32
2017-08-24,1.07,1.08,1.08,1.10,1.13,1.19,1.32,1.34,1.37,1.39,1.41,ND,1.15,1.14,1.12,1.12,1.17,1.22,1.20,1.22,1.32,1.25,1.27,1.33
2017-08-25,1.09,1.08,1.08,1.10,ND,1.09,1.31,1.35,1.37,1.38,1.44,ND,1.15,1.16,ND,1.19,ND,1.26,1.20,1.22,1.22,1.23,1.28,1.33
2017-08-28,1.10,1.09,1.08,1.09,1.12,ND,1.31,1.34,1.36,1.38,1.44,ND,1.15,1.11,1.11,1.13,1.18,1.23,1.20,1.20,1.21,1.24,1.28,1.32
2017-08-29,1.09,1.09,1.08,1.10,1.13,ND,1.30,1.35,1.27,1.41,1.42,ND,1.15,1.17,1.18,ND,ND,1.27,1.20,1.25,1.23,1.22,1.26,1.32
2017-08-30,1.08,1.08,1.10,1.12,1.13,1.21,1.31,1.34,1.34,1.38,ND,ND,1.15,1.16,1.17,1.19,1.22,1.26,1.20,1.23,1.24,1.25,1.27,1.30
2017-08-31,1.08,1.08,1.09,1.11,1.14,1.18,1.30,1.32,1.35,1.41,1.41,ND,1.08,1.01,1.06,1.06,1.20,1.25,1.18,1.21,1.23,1.25,1.28,1.31
2017-09-01,1.08,1.08,1.09,1.11,1.12,1.16,1.31,1.34,1.36,1.37,1.44,ND,1.15,1.17,1.18,1.20,1.23,1.27,1.20,1.21,1.24,1.24,1.27,1.31
2017-09-04,ND,ND,ND,ND,ND,ND,ND,ND,ND,ND,ND,ND,ND,ND,ND,ND,ND,ND,ND,ND,ND,ND,ND,ND
2017-09-05,1.11,1.09,1.08,1.09,1.13,1.17,1.32,1.33,1.35,1.37,1.40,ND,1.15,1.18,1.17,1.16,1.18,1.23,1.20,1.23,1.24,1.26,1.29,1.32
2017-09-06,1.09,1.08,1.08,1.10,1.13,1.17,1.31,1.34,1.33,1.39,1.43,ND,1.15,1.16,ND,1.19,1.22,1.25,1.20,1.21,1.24,1.24,1.29,1.33
2017-09-07,1.07,1.08,1.09,1.11,1.12,1.17,1.31,1.34,1.35,1.38,1.39,ND,1.15,1.16,1.17,1.18,1.21,1.24,1.20,1.21,1.32,1.24,1.28,1.32
2017-09-08,1.08,1.08,1.10,1.10,1.13,1.17,1.31,1.31,1.34,1.38,1.41,1.43,1.15,1.18,1.19,1.21,ND,1.27,1.20,1.21,1.22,1.23,1.27,1.31
2017-09-11,1.10,1.11,1.09,1.11,1.14,1.17,1.31,1.33,1.36,1.38,1.40,ND,1.15,1.18,1.18,1.19,1.21,1.23,1.20,1.23,1.23,1.25,1.28,1.33
2017-09-12,1.10,1.08,1.10,1.11,1.14,1.17,1.31,1.33,1.24,1.39,1.41,ND,1.15,1.16,1.17,1.19,1.23,1.26,1.20,1.20,1.20,1.22,1.27,1.33
2017-09-13,1.08,1.08,1.12,1.11,1.12,1.18,1.32,1.33,1.33,1.38,1.44,ND,1.15,1.18,1.18,1.19,1.20,1.24,1.20,1.21,1.23,1.25,1.28,1.32
2017-09-14,1.08,1.08,1.10,1.11,1.14,1.20,1.31,1.33,1.35,1.39,1.44,ND,1.15,1.14,1.11,1.09,1.14,1.19,1.18,1.21,1.21,1.23,1.28,1.33
2017-09-15,1.08,1.08,1.11,1.11,1.13,1.19,1.31,1.33,1.34,1.38,1.42,ND,1.15,1.18,1.19,1.20,1.23,1.26,1.20,1.22,1.26,1.24,1.26,1.30
2017-09-18,1.11,1.08,1.09,1.11,1.15,1.18,1.31,1.33,1.34,1.37,1.41,ND,1.15,1.16,1.17,ND,ND,1.28,1.20,1.19,1.22,1.24,1.26,1.31
2017-09-19,1.10,1.09,1.09,1.11,1.15,1.18,1.31,1.33,1.28,1.37,1.43,ND,1.15,1.16,1.17,1.19,1.23,1.27,1.19,1.20,1.22,1.24,1.29,1.33
2017-09-20,1.10,1.10,1.10,1.11,1.14,1.18,1.31,1.32,1.31,1.38,ND,ND,1.15,1.18,1.17,1.15,1.19,1.23,1.20,1.23,1.23,1.23,1.28,1.33
2017-09-21,1.08,1.10,1.10,1.10,1.14,1.19,1.31,1.34,1.34,1.45,ND,ND,1.15,ND,ND,1.19,ND,1.28,1.20,1.22,1.22,1.20,1.28,1.33
2017-09-22,1.08,1.09,1.09,1.10,1.14,1.18,1.31,1.34,1.34,1.38,1.46,1.54,1.15,1.18,1.17,1.18,1.20,1.25,1.20,1.21,1.23,1.21,1.27,1.33
2017-09-25,1.10,1.10,1.11,1.13,1.17,1.21,1.31,1.33,1.35,1.42,ND,ND,1.15,ND,ND,1.11,1.14,1.20,1.20,1.22,1.27,1.28,1.28,1.33
2017-09-26,1.10,1.06,1.08,1.11,ND,ND,1.31,1.34,1.35,1.40,1.43,ND,1.15,1.14,ND,1.13,1.19,1.24,1.20,1.21,1.22,1.23,1.28,1.34